<?xml version="1.0" encoding="UTF-8"?>
<!-- generated by eXe - http://exelearning.org -->
<manifest identifier="eXeScorm499a0be6265c6f8db31" xmlns="http://www.imsproject.org/xsd/imscp_rootv1p1p2" xmlns:adlcp="http://www.adlnet.org/xsd/adlcp_rootv1p2" xmlns:imsmd="http://www.imsglobal.org/xsd/imsmd_v1p2" xmlns:xsi="http://www.w3.org/2001/XMLSchema-instance" xsi:schemaLocation="http://www.imsproject.org/xsd/imscp_rootv1p1p2 imscp_rootv1p1p2.xsd http://www.imsglobal.org/xsd/imsmd_rootv1p2p1 imsmd_rootv1p2p1.xsd http://www.adlnet.org/xsd/adlcp_rootv1p2 adlcp_rootv1p2.xsd" > 
<metadata> 
 <schema>ADL SCORM</schema> 
 <schemaversion>1.2</schemaversion> 
 <adlcp:location>imslrm.xml</adlcp:location> 
</metadata> 
<organizations default="eXeScorm499a0be6265c6f8db32">  
  <organization identifier="eXeScorm499a0be6265c6f8db32" structure="hierarchical">
<title>Home</title>
<item identifier="ITEM-eXeScorm499a0be6265c6f8db33" isvisible="true" identifierref="RES-eXeScorm499a0be6265c6f8db34">
    <title>Home</title>
</item>
  </organization>
</organizations>
<resources>
  <resource identifier="RES-eXeScorm499a0be6265c6f8db34" type="webcontent" adlcp:scormtype="sco" href="index.html"> 
    <file href="index.html"/>
    <file href="base.css"/>
    <file href="content.css"/>
    <file href="popup_bg.gif"/>
    <file href="APIWrapper.js"/>
    <file href="SCOFunctions.js"/>
  </resource>
</resources>
</manifest>
